INSERT INTO PROFESOR VALUES (142519864, 'Camilo Valderrama', 20);
INSERT INTO PROFESOR VALUES (242518965, 'Luis Felipe Cardona', 68);
INSERT INTO PROFESOR VALUES (141582651, ' Hugo Arboleda', 20);
INSERT INTO PROFESOR VALUES (011564812, 'Gonzalo Llano', 68);
INSERT INTO PROFESOR VALUES (254099823, 'Angela Villota ', 68);
INSERT INTO PROFESOR VALUES (356187925 , 'Gabriel Tamura', 12);
INSERT INTO PROFESOR VALUES (489456522, 'Sandra Cespedes', 20);
INSERT INTO PROFESOR VALUES (287321212, 'Norha Villegas', 12);
INSERT INTO PROFESOR VALUES (248965255, 'Alvaro Pachon ', 12);
INSERT INTO PROFESOR VALUES (159542516, 'Luis Eduardo Munera', 33);
INSERT INTO PROFESOR VALUES (090873519, 'Carlos Arce', 11);
INSERT INTO PROFESOR VALUES (486512566, 'Juan Carlos Munoz', 20);
INSERT INTO PROFESOR VALUES (619023588, 'Andres Navarro', 11);
INSERT INTO PROFESOR VALUES (489221823, 'Alfonso Bustamante', 33);
INSERT INTO PROFESOR VALUES (548977562 , 'Gonzalo Ulloa', 20);

INSERT INTO ESTUDIANTE VALUES ('051135593', 'Sofia Loren', 'Ciencia Politica', 4.2, TO_DATE('17/07/1998', 'DD/MM/YYYY'));
INSERT INTO ESTUDIANTE VALUES ('060839453', 'Julio Iglesias', 'Diseno Industrial', 4.2, TO_DATE('22/07/1997', 'DD/MM/YYYY'));
INSERT INTO ESTUDIANTE VALUES ('099354543', 'Andres Cepeda', 'Derecho', 3.7, TO_DATE('12/07/1999', 'DD/MM/YYYY'));
INSERT INTO ESTUDIANTE VALUES ('112348546', 'Julio Sabala ', 'Ingenieria de Sistemas', 4.0, TO_DATE('06/07/2000', 'DD/MM/YYYY'));
INSERT INTO ESTUDIANTE VALUES ('115987938', 'Fernando Alonso', 'Ingenieria de Sistemas', 3.7, TO_DATE('12/07/1999', 'DD/MM/YYYY'));
INSERT INTO ESTUDIANTE VALUES ('132977562', 'Celia Cruz', 'Antropologia', 4.2, TO_DATE('12/07/1999', 'DD/MM/YYYY'));
INSERT INTO ESTUDIANTE VALUES ('269734834', 'Placido Domingo', 'Psicologia ', 4.0, TO_DATE('01/07/2001', 'DD/MM/YYYY'));
INSERT INTO ESTUDIANTE VALUES ('280158572', 'Angela Carrasco', 'Medicina', 3.5, TO_DATE('01/07/2001', 'DD/MM/YYYY'));
INSERT INTO ESTUDIANTE VALUES ('301221823', 'Richard Marx ', 'Psicologia ', 3.7, TO_DATE('12/07/1999', 'DD/MM/YYYY'));
INSERT INTO ESTUDIANTE VALUES ('318548912', 'Luis Angel', 'Economia', 3.5, TO_DATE('01/07/2001', 'DD/MM/YYYY'));
INSERT INTO ESTUDIANTE VALUES ('320874981', 'David Copperfield', 'Ingenieria Telematica', 3.5, TO_DATE('26/06/2002', 'DD/MM/YYYY'));
INSERT INTO ESTUDIANTE VALUES ('322654189', 'Camilo Torres', 'Ingenieria de Sistemas ', 4.0, TO_DATE('26/06/2002', 'DD/MM/YYYY'));
INSERT INTO ESTUDIANTE VALUES ('348121549', 'Arcipreste de Hita', 'Ingenieria de Sistemas ', 3.7, TO_DATE('01/07/2001', 'DD/MM/YYYY'));
INSERT INTO ESTUDIANTE VALUES ('351565322', 'William Wallace', 'Contaduria y Finanzas', 3.7, TO_DATE('06/07/2000', 'DD/MM/YYYY'));
INSERT INTO ESTUDIANTE VALUES ('451519864', 'Jaime Lannister', 'Economia', 3.5, TO_DATE('01/07/2001', 'DD/MM/YYYY'));
INSERT INTO ESTUDIANTE VALUES ('455798411', 'Juan Sin Tierra', 'Ingenieria Telematica', 3.5, TO_DATE('26/06/2002', 'DD/MM/YYYY'));
INSERT INTO ESTUDIANTE VALUES ('462156489', 'Alejandro Magno', 'Ingenieria Industrial', 4.0, TO_DATE('06/07/2000', 'DD/MM/YYYY'));
INSERT INTO ESTUDIANTE VALUES ('550156548', 'Charles Darwin', 'Administracion', 4.2, TO_DATE('17/07/1998', 'DD/MM/YYYY'));
INSERT INTO ESTUDIANTE VALUES ('552455318', 'Fabiana Cantilo', 'Ingenieria de Sistemas', 4.2, TO_DATE('06/07/2000', 'DD/MM/YYYY'));
INSERT INTO ESTUDIANTE VALUES ('556784565', 'Andres Calamaro', 'Ingenieria Industrial', 4.2, TO_DATE('17/07/1998', 'DD/MM/YYYY'));
INSERT INTO ESTUDIANTE VALUES ('567354612', 'Steven Tyler', 'Ingenieria de Sistemas', 3.5, TO_DATE('01/07/2001', 'DD/MM/YYYY'));
INSERT INTO ESTUDIANTE VALUES ('573284895', 'Cristiano Ronaldo', 'Medicina ', 4.0, TO_DATE('06/07/2000', 'DD/MM/YYYY'));
INSERT INTO ESTUDIANTE VALUES ('574489456', 'Juan Pablo Montoya', 'Economia ', 3.7, TO_DATE('12/07/1999', 'DD/MM/YYYY'));
INSERT INTO ESTUDIANTE VALUES ('578875478', 'Antonio Ricaurte', 'Medicina ', 4.2, TO_DATE('17/07/1998', 'DD/MM/YYYY'));

INSERT INTO CURSO VALUES (1, 'Algoritmos y Estructuras de Datos', 'LMiV 10:00-12:00', '108D', 489456522);
INSERT INTO CURSO VALUES (3, 'Sistemas Operativo', 'MaJ 11:00-13:00', '203C', 489456522 );
INSERT INTO CURSO VALUES (5, 'Contabilidad y Costos', 'MaJ 14:00-16:00', '101A', 011564812);
INSERT INTO CURSO VALUES (7, 'Ingles I', 'LMiV 14:00-17:00', '204C', 248965255);
INSERT INTO CURSO VALUES (27, 'Algoritmos y Programación 2', 'MaJ 7:00-9:00', '108D', 489456522);
INSERT INTO CURSO VALUES (9, 'Literatura I', 'Ma 18:00-21:00', '504L', 159542516);
INSERT INTO CURSO VALUES (11, 'Calculo varias variables', 'MaJ 14:00-17:00', '504L', 090873519);
INSERT INTO CURSO VALUES (13, 'Principios de Economia', 'LMiV 11:00-13:00', '203C', 489221823);
INSERT INTO CURSO VALUES (15, 'Fundamentos de Mercadeo', 'LMi 7:00-9:00', '304C', 489221823);
INSERT INTO CURSO VALUES (17, 'Ingenieria de Procesos', 'LMiV 9:00-11:00', '304C', 011564812);
INSERT INTO CURSO VALUES (19, 'Redes de Comunicaciones', 'LMi 9:00-11:00', '203C', 141582651);
INSERT INTO CURSO VALUES (21, 'Algebra y Funciones', 'MaJ 7:00-10:00', '108D', 489221823);
INSERT INTO CURSO VALUES (23, 'Algoritmos y Programación 1', 'LMiV 7:00-9:00', '108D', 489456522);

INSERT INTO MATRICULA VALUES ('112348546', 1);
INSERT INTO MATRICULA VALUES ('115987938', 1);
INSERT INTO MATRICULA VALUES ('348121549', 1);
INSERT INTO MATRICULA VALUES ('322654189', 1);
INSERT INTO MATRICULA VALUES ('552455318', 1);
INSERT INTO MATRICULA VALUES ('455798411', 3);
INSERT INTO MATRICULA VALUES ('552455318', 3);
INSERT INTO MATRICULA VALUES ('567354612', 3);
INSERT INTO MATRICULA VALUES ('112348546', 3);
INSERT INTO MATRICULA VALUES ('115987938', 3);
INSERT INTO MATRICULA VALUES ('322654189', 3);
INSERT INTO MATRICULA VALUES ('567354612', 1);
INSERT INTO MATRICULA VALUES ('552455318', 19);
INSERT INTO MATRICULA VALUES ('455798411', 21);
INSERT INTO MATRICULA VALUES ('301221823', 11);
INSERT INTO MATRICULA VALUES ('301221823', 9);
INSERT INTO MATRICULA VALUES ('301221823', 7);
INSERT INTO MATRICULA VALUES ('556784565', 5);
INSERT INTO MATRICULA VALUES ('099354543', 11);
INSERT INTO MATRICULA VALUES ('574489456', 13);
INSERT INTO MATRICULA VALUES ('455798411', 19);

INSERT INTO TARIFA_MONITORIA VALUES ('A', 3, 5, 8500);
INSERT INTO TARIFA_MONITORIA VALUES ('B', 6, 8, 10000);
INSERT INTO TARIFA_MONITORIA VALUES ('C', 9, 10, 11500);
INSERT INTO TARIFA_MONITORIA VALUES ('D', 10, NULL, 13000);

ALTER TABLE PROFESOR
ADD CATEGORIA VARCHAR2(10);

UPDATE CURSO
SET SALON = '203C'
WHERE NOMBRE_CUR LIKE '%Algoritmos%';